{
  "run_id": "morphic_20251007_094000",
  "mode": "morphic",
  "config": {
    "field_strength": 0.8,
    "temporal_decay": 0.2,
    "cross_system_coupling": 0.0,
    "similarity_threshold": 0.6,
    "influence_exponent": 2.0,
    "crystal_count": 3,
    "crystal_capacity": 50,
    "generations": 20,
    "grid_size": 15,
    "initial_density": 0.4
  },
  "timeseries": {
    "population": [
      81,
      51,
      49,
      38,
      34,
      38,
      32,
      39,
      35,
      30,
      32,
      32,
      26,
      31,
      37,
      40,
      36,
      34,
      34,
      35
    ],
    "complexity": [
      0.23073955174772431,
      0.10300275676521753,
      0.16882285807143357,
      0.20600551353043509,
      0.1751322251794235,
      0.20740534059816776,
      0.19232475589064205,
      0.19982631347136331,
      0.14550226972053446,
      0.17554478694117412,
      0.17347216662217774,
      0.1788110165219963,
      0.1557476492500403,
      0.1962957503486468,
      0.19641855032959654,
      0.17568209223157663,
      0.19727600987974708,
      0.14163943093313291,
      0.161970885967925,
      0.22863996712714343
    ],
    "volatility": [
      0.19801980198019803,
      0.37037037037037035,
      0.0392156862745098,
      0.22448979591836735,
      0.10526315789473684,
      0.11764705882352941,
      0.15789473684210525,
      0.21875,
      0.10256410256410256,
      0.14285714285714285,
      0.06666666666666667,
      0.0,
      0.1875,
      0.19230769230769232,
      0.1935483870967742,
      0.08108108108108109,
      0.1,
      0.05555555555555555,
      0.0,
      0.029411764705882353
    ],
    "morphic_influence_rate": [
      0.0,
      0.0,
      0.0,
      0.0,
      0.0,
      0.0,
      0.0,
      0.0,
      0.0,
      0.0,
      0.0,
      0.0,
      0.0,
      0.0,
      0.0,
      0.0,
      0.0,
      0.0,
      0.0,
      0.0
    ],
    "pattern_diversity": [
      119,
      82,
      73,
      71,
      75,
      78,
      68,
      79,
      74,
      59,
      64,
      75,
      59,
      60,
      71,
      74,
      68,
      64,
      65,
      67
    ],
    "resonance_event_count": 0
  },
  "summary_stats": {
    "final_population": 35,
    "max_population": 81,
    "min_population": 26,
    "avg_population": 38.2,
    "std_population": 11.356055653262713,
    "avg_complexity": 0.18051299455640493,
    "avg_volatility": 0.12915715004693573,
    "stability_score": 0.1515306122448974,
    "emergence_events": 0,
    "avg_influence_rate": 0.0,
    "max_influence_rate": 0.0,
    "avg_pattern_diversity": 72.25,
    "resonance_events": 0
  },
  "metadata": {
    "grid_size": 15,
    "generations": 20,
    "initial_population": 101,
    "timestamp": "20251007_094000"
  }
}