{
  "run_id": "morphic_20251007_102521",
  "mode": "morphic",
  "config": {
    "field_strength": 0.6,
    "temporal_decay": 0.1,
    "cross_system_coupling": 0.0,
    "similarity_threshold": 0.7,
    "influence_exponent": 2.0,
    "crystal_count": 3,
    "crystal_capacity": 50,
    "generations": 30,
    "grid_size": 15,
    "initial_density": 0.4
  },
  "timeseries": {
    "population": [
      65,
      55,
      64,
      65,
      79,
      67,
      74,
      65,
      64,
      56,
      66,
      54,
      45,
      48,
      42,
      39,
      46,
      46,
      46,
      44,
      49,
      43,
      38,
      44,
      44,
      51,
      51,
      39,
      39,
      45
    ],
    "complexity": [
      0.1841260219939285,
      0.1388888888888889,
      0.15198658769610618,
      0.14632852434517693,
      0.16652192789280276,
      0.15820535763742385,
      0.1546601211897228,
      0.10182554374038319,
      0.13608276348795434,
      0.15466012118972283,
      0.1943203969393503,
      0.2357022603955158,
      0.20588843167185547,
      0.22863996712714346,
      0.16882285807143357,
      0.16418875579912345,
      0.19727600987974708,
      0.21684020827772216,
      0.18425693279752223,
      0.16666666666666666,
      0.2036510874807664,
      0.20740534059816776,
      0.19432039693935033,
      0.24206145913796356,
      0.20775382363404987,
      0.2460137442210882,
      0.2449332234520611,
      0.17786456215091248,
      0.14958791130929178,
      0.2041241452319315
    ],
    "volatility": [
      0.4036697247706422,
      0.15384615384615385,
      0.16363636363636364,
      0.015625,
      0.2153846153846154,
      0.1518987341772152,
      0.1044776119402985,
      0.12162162162162163,
      0.015384615384615385,
      0.125,
      0.17857142857142858,
      0.18181818181818182,
      0.16666666666666666,
      0.06666666666666667,
      0.125,
      0.07142857142857142,
      0.1794871794871795,
      0.0,
      0.0,
      0.043478260869565216,
      0.11363636363636363,
      0.12244897959183673,
      0.11627906976744186,
      0.15789473684210525,
      0.0,
      0.1590909090909091,
      0.0,
      0.23529411764705882,
      0.0,
      0.15384615384615385
    ],
    "morphic_influence_rate": [
      0.0,
      0.008888888888888889,
      0.0,
      0.0044444444444444444,
      0.0,
      0.0,
      0.0,
      0.0,
      0.0,
      0.0,
      0.0,
      0.04,
      0.008888888888888889,
      0.0044444444444444444,
      0.0,
      0.0,
      0.0,
      0.0,
      0.0,
      0.0,
      0.0,
      0.04,
      0.022222222222222223,
      0.0,
      0.0,
      0.0,
      0.0,
      0.0,
      0.0,
      0.0
    ],
    "pattern_diversity": [
      97,
      97,
      108,
      108,
      132,
      118,
      119,
      117,
      101,
      104,
      116,
      95,
      86,
      87,
      87,
      75,
      92,
      84,
      84,
      87,
      91,
      85,
      81,
      76,
      75,
      87,
      95,
      82,
      75,
      79
    ],
    "resonance_event_count": 0
  },
  "summary_stats": {
    "final_population": 45,
    "max_population": 79,
    "min_population": 38,
    "avg_population": 52.43333333333333,
    "std_population": 11.197271493041905,
    "avg_complexity": 0.1844534679947924,
    "avg_volatility": 0.11807172422305516,
    "stability_score": 0,
    "emergence_events": 0,
    "avg_influence_rate": 0.004296296296296296,
    "max_influence_rate": 0.04,
    "avg_pattern_diversity": 94.0,
    "resonance_events": 0
  },
  "metadata": {
    "grid_size": 15,
    "generations": 30,
    "initial_population": 109,
    "timestamp": "20251007_102521"
  }
}