{
  "run_id": "morphic_20251007_101156",
  "mode": "morphic",
  "config": {
    "field_strength": 0.8,
    "temporal_decay": 0.2,
    "cross_system_coupling": 0.0,
    "similarity_threshold": 0.6,
    "influence_exponent": 2.0,
    "crystal_count": 3,
    "crystal_capacity": 50,
    "generations": 20,
    "grid_size": 15,
    "initial_density": 0.4
  },
  "timeseries": {
    "population": [
      69,
      71,
      40,
      34,
      25,
      25,
      22,
      25,
      23,
      22,
      20,
      23,
      17,
      17,
      17,
      21,
      17,
      17,
      15,
      15
    ],
    "complexity": [
      0.2323017872733018,
      0.235292699251353,
      0.19982631347136331,
      0.19982631347136331,
      0.21684020827772213,
      0.20868026668495443,
      0.161970885967925,
      0.20494936893574592,
      0.18788540636762058,
      0.18620955108044335,
      0.1712337223046938,
      0.1777289429454129,
      0.1091405114270952,
      0.14550226972053446,
      0.1295469312929002,
      0.17948399976833454,
      0.10300275676521754,
      0.1332175423142422,
      0.1295469312929002,
      0.1102396379610246
    ],
    "volatility": [
      0.4152542372881356,
      0.028985507246376812,
      0.43661971830985913,
      0.15,
      0.2647058823529412,
      0.0,
      0.12,
      0.13636363636363635,
      0.08,
      0.043478260869565216,
      0.09090909090909091,
      0.15,
      0.2608695652173913,
      0.0,
      0.0,
      0.23529411764705882,
      0.19047619047619047,
      0.0,
      0.11764705882352941,
      0.0
    ],
    "morphic_influence_rate": [
      0.0,
      0.0,
      0.0,
      0.0,
      0.0,
      0.0,
      0.0,
      0.0,
      0.0,
      0.0,
      0.0,
      0.0044444444444444444,
      0.0,
      0.0,
      0.0,
      0.0,
      0.0,
      0.0,
      0.0,
      0.0
    ],
    "pattern_diversity": [
      98,
      96,
      68,
      57,
      43,
      44,
      44,
      47,
      43,
      43,
      38,
      45,
      40,
      30,
      38,
      44,
      34,
      34,
      34,
      32
    ],
    "resonance_event_count": 0
  },
  "summary_stats": {
    "final_population": 15,
    "max_population": 71,
    "min_population": 15,
    "avg_population": 26.75,
    "std_population": 15.626499928006911,
    "avg_complexity": 0.17112130232870743,
    "avg_volatility": 0.13603016327518877,
    "stability_score": 0,
    "emergence_events": 0,
    "avg_influence_rate": 0.00022222222222222223,
    "max_influence_rate": 0.0044444444444444444,
    "avg_pattern_diversity": 47.6,
    "resonance_events": 0
  },
  "metadata": {
    "grid_size": 15,
    "generations": 20,
    "initial_population": 118,
    "timestamp": "20251007_101156"
  }
}